âœ”,slug,title,author,genre,year,start,finish,finish_date,media,w,h,drawing,via,desc,translator,narrator,illustrator
,,"A Swim in a Pond in the Rain: In Which Four Russians Give a Master Class on Writing, Reading, and Life",George Saunders,Essays,2021,2021-09-08,Reading,0,Audiobook,8,16,,.,,,,
,,Color Accessibility Workflows,Geri Coady,Design,2017,2021-08-26,Reading,0,Digital Book,,,,.,,,,
âœ”,,Why Evil Exists,Charles T. Mathewes,Philosophy,2011,2021-08-25,Reading,0,Audiobook,8,16,,Browsing,,,,
,,Personality Types: Using the Enneagram for Self-Discovery,Don Richard Riso; Russ Hudson,Psychology,1996,2021-08-25,Reading,0,Book,,,,My parents,,,,
,,So You Want to Talk About Race,Ijeoma Oluo,Race,2018,2021-08-21,Shelved,Shelved,Audiobook,8,16,,"Libby, Browsing library",,,Bahni Turpin,
,where-the-crawdads-sing-owens,Where the Crawdads Sing,Delia Owens,Fiction,2018,2021-07-31,2021-08-24,2021,Book,15,24,TRUE,"Kailey read it, gave it to Gma, now we're in AL and I need something to read","""Death's crude pluck, as always, stealing the show.""

https://www.youtube.com/watch?v=SZB8Ak4rkk4",,,
,,Sunjata,Bamba Suso; Banna Kanute,Classics,1999/1975,2021-07-24,Reading,0,Book,,,,Found it in a Little Free Library,,Gordon Innes; Bakari Sidibe,,
,the-half-has-never-been-told-baptist,The Half Has Never Been Told: Slavery and the Making of American Capitalism,Edward E. Baptist,History,2014,2021-07-18,2021-08-21,2021,Audiobook,8,16,TRUE,"Libby, Browsing library","Baptist's work is part of what is called the New History of Capitalism. The premise is that slavery was the main driver of economic growth in the U.S. (rather than an outmoded system that would have eventually collapsed on its own), and that increases in production were impelled more by torture than any technological advances. (For a contrasting view, see [this paper by Olmstead and Rhode](https://web.law.columbia.edu/sites/default/files/microsites/law-economics-studies/olmstead_-_cotton_slavery_and_history_of_new_capitalism_131_nhc_28_sept_2016.pdf).)

Baptist weaves stories from slave narratives, contemporary records, and newspapers, and the overall effect is devastating, revealing an immensity of horror along with the ways a culture nonetheless resisted and survived.",,Ron Butler,
,intimations-smith,Intimations,Zadie Smith,Essays,2020,2021-07-15,2021-07-18,2021,Audiobook,8,16,TRUE,"Libby, Browsing library","""To fear the contagion of poverty is reasonable. To keep voting for policies that ensure the permanent existence of an underclass is what is meant by â€˜structural racismâ€™.""",,,
,why-buddhism-is-true-wright,Why Buddhism is True: The Science and Philosophy of Meditation and Enlightenment,Robert Wright,Philosophy? Evolutionary Psychology,2017,2021-06-24,2021-07-15,2021,Audiobook,8,16,TRUE,"Libby, Browsing library","Wright looks at the ways in which Buddhism (of a secular and meditation-centric flavor) correctly evaluates the human conditionâ€”this being through the lens of evolutionary psychology, which basically sees human behavior and perception as shaped by natural selection, and thus having many attendant delusions or shortcuts (cognitive biases?) that are not always useful anymore. But, knowledge *of* the fact of our preprogrammed illusions is not itself enough to liberate us *from* them. Wright explores some claims such as how meditation can give us insight into a less filtered form of reality, recognizing the danger of essentializing people and their motives, and attempting to develop a more impartial, universal perspective of peoples' actions. He has great hopes for a ""metacognitive revolution"" that could alleviate much of the seemingly ever-deepening entrenchment between people of different ideological vantage points.",,Fred Sanders,
,annihilation-vandermeer,Annihilation,Jeff VanderMeer,Science Fiction,2014,2021-06-15,2021-07-31,2021,Book,13,19,TRUE,Emiley gave it to me for my birthday,"My sister [Emiley](https://emileycreates.com/) gave this to me for my birthday. The word that comes to mind is ""uncanny""â€”for both the story and the style of the writing itself. It's a slippery thing, but it drew me in, and I will read the other two books in the Southern Reach Trilogy. 

> But I could have met him partway and retained my sovereignty.
>
> ...
>
> ...because I melted into my surroundings, could not remain *separate from, apart from,* objectivity a foreign land to me.

Cover art's by [Eric Nyquist](https://www.ericnyquist.com/), pretty cool stuff.",,,
,swing-time-smith,Swing Time,Zadie Smith,Fiction,2016,2021-06-14,2021-06-24,2021,Audiobook,8,16,TRUE,.,"""Not ignorant of history, but not formed by it either.""

Hmm, I don't really have any strong feelings about this one. It touched on themes of family, culture, identity, class, friendship, communication, charity, music, dance. Kind of fizzled out for me overall. Smith's non-fiction writing engages me more.

""Dying people are impatient for the truth.""",,Pippa Bennett-Warner,
âœ”,far-from-the-tree-solomon,"Far from the Tree: Parents, Children, and the Search for Identity",Andrew Solomon,Psychology,2012,2021-06-09,2021-07-23,2021,Book,16,24,TRUE,Austin Kleon quoted it in this post,"I saw a quote from this book on [Austin Kleon's site](https://austinkleon.com/2021/04/01/give-yourself-what-you-needed-and-your-kids-what-they-need/):

> Perhaps the immutable error of parenthood is that we give our children what we wanted, whether they want it or not. We heal our wounds with the love we wish we'd received, but are often blind to the wounds we inflict.

It's an empathic exploration of the myriad facets of identity, with a focus on parents with exceptional children. How the lenses of disability and identity work together or against each other on a gradient. How difficulty and trauma are dealt with, how meaning or purpose might be constructed. How people see themselves, how society sees them, how they create communities.

> Physicists gain certain insights from understanding energy as a wave, and other insights from understanding it as a particle, and use quantum mechanics to reconcile the information they have gleaned. Similarly, we have to examine *illness* and *identity*, understand that observation will usually happen in one domain or the other, and come up with a syncretic mechanics. We need a vocabulary in which the two concepts are not opposites, but compatible aspects of a condition.

Lots to consider.",,,
,white-teeth-smith,White Teeth,Zadie Smith,Fiction,2000,2021-05-30,2021-06-08,2021,Book,13,20,TRUE,.,"A witty novel with a multi-generation-spanning plot, entertaining and zany characters, and a sometimes exaggerated surrealist style. I think it's about the many ways people feel for their own identity: amidst the competing tangles of tradition, against parental projections, and among the ebb of society and culture.",,,
,the-jungle-sinclair,The Jungle,Upton Sinclair,Fiction,1906,2021-05-28,2021-06-14,2021,Audiobook,8,16,TRUE,"Libby, Browsing library","Reading this as a tidy exposÃ© of the meat packing industry is limited. Sinclair's scope was much wider, encompassing the mechanisms of capitalist industry and its harsh, dehumanizing effects on the people trapped in and taken advantage of by this system. As the quote by Sinclair goes, ""I aimed at the public's heart, and by accident I hit it in the stomach,"" meaning that his socialist message was rather narrowly interpreted in the end.",,Grover Gardner,
,spring-knausgaard,Spring,Karl Ove Knausgaard,Fiction,2018,2021-05-28,2021-06-04,2021,Book,14,21,TRUE,.,"Meaning in life is contingent on connection with others. Creation, communication: everything we do can be seen as directed outward in this way. The looming disconnect of depression is the absence of this, the despairing inertia of it that keeps the sufferer ultimately inward. The two previous books in this quartet took the form of monthly letters to an unborn daughter interspersed with brief essays. In this one, Knausgaard writes about his wife Linda's depressive episode in the months surrounding the birth of their daughter. How one-sided is this portrayal? I am very interested to read Linda BostrÃ¶m Knausgaard's *October Child*, which gives her take on these events.",Ingvild Burkey,,Anna Bjerger
,no-one-is-talking-about-this-lockwood,No One Is Talking About This,Patricia Lockwood,Fiction,2020,2021-05-26,2021-05-28,2021,Book,13,21,TRUE,Having read Priestdaddy,"The first part is a kind of twitter impressionism, the daubs of which sorta congeal at a distance into a particular facet of online performative irony. Someone made a [reference sheet for all the memes](https://lithub.com/all-the-memes-in-patricia-lockwoods-no-one-is-talking-about-this-explained/), most of which I'd never seen. The second part devastates and implodes, as real-physical-life tragedy breaks in and renders the previous mode of being somewhat questionable. I found it eerie and humane.",,,
,the-emperor-of-all-maladies-mukherjee,The Emperor of All Maladies: A Biography of Cancer,Siddhartha Mukherjee,Science,2010,2021-05-24,2021-06-10,2021,Audiobook,8,16,TRUE,Having read The Gene,"A wide, long, and detailed account of cancer through the millennia: attempts to understand it, the history of its treatment, its cultural effects. It's a misconception, though, that cancer is one ""thing."" Rather, it is a ""shape-shifting disease of colossal diversity."" Cancer has become the representative 20th-century ailment; because of our successful eradication of other diseases and attendant increase in lifespan, cancer has more time and opportunity to develop in more of the population. More recently, the focus has moved to prevention and targeted therapies, and a steadily increasing understanding of the complex interactions of genes and the environment.",,,
âœ”,why-are-we-yelling-benson,Why Are We Yelling?: The Art of Productive Disagreement,Buster Benson,Self-Help,2019,2021-05-11,2021-05-26,2021,Book,14,22,TRUE,"Found his website, with his Codex Vitae","An exploration into how we might reframe our concept of arguing: from anxiety-driven efforts to win/convince/end the disagreement, to more mutually generous explorations that result in learning, growth, and connection for all participants. Benson offers a framework of eight things to try, involving recognizing the underlying utility of our cognitive biases, and how best to work with them. Itâ€™s about getting into the messiness of it allâ€”moving beyond avoidant behaviors and into the rewarding (but initially scary) practices of uncertainty, vulnerability, and more open-ended engagement.

I came across this one via this trail: [Building a digital garden by Tom Critchlow](https://tomcritchlow.com/2019/02/17/building-digital-garden/) â†’ [Brendan Schlagel's Personal Canon](https://www.brendanschlagel.com/canon/) â†’ [Buster Benson's Codex Vitae](https://busterbenson.com/codex-vitae/)",,,
,a-peoples-history-of-the-united-states-zinn,A People's History of the United States,Howard Zinn,History,2005,2021-05-09,2021-05-24,2021,Audiobook,8,16,TRUE,Browsing library,"I like the idea of reviewing history from the perspectives and interests of various people's movements rather than the usual focus on notable individuals. It's difficult for me to say how far in an opposite extreme direction Zinn's approach skews, but if I recall, in the introduction he makes no claim to being unbiased. Through this lens, it can begin to feel like American history is one long screwing over of the less fortunate by the elites. I certainly appreciate hearing a less idealized version of the United States, and I am also interested in finding some other, perhaps more balanced, accounts as well.",,Jeff Zinn,
,the-bell-jar-plath,The Bell Jar,Sylvia Plath,Fiction,1963,2021-05-06,2021-05-09,2021,Audiobook,8,16,TRUE,Browsing library,"""Stewing in my own sour air."" Scary, disturbing, and dark. Haunted and suffused by the facts of Plath's own life.",,Maggie Gyllenhaal,
,how-to-write-one-song-tweedy,How to Write One Song: Loving the Things We Create and How They Love Us Back,Jeff Tweedy,Music,2020,2021-05-06,2021-05-18,2021,Book,13,19,TRUE,Probably Kleon,A nice little book about creativity and generating ideas (mostly focused on lyric writing). An interesting idea: connection as the loftiest of all aspirations in art. Have an immensity of gratitude. Don't be afraid to make something bad; you need to practice getting to the creative place.,,,
R,,How to Talk So Kids Will Listen & Listen So Kids Will Talk,Adele Faber; Elaine Mazlish,Parenting,1996,2021-05-05,Shelved,Shelved,Book,,,,Kleon,,,,Kimberly Ann Coe
R,,"Racial Purity and Dangerous Bodies: Moral Pollution, Black Lives, and the Struggle for Justice",Rima L. Vesely-Flad,Race,2017,2021-05-04,Shelved,Shelved,Book,,,,She spoke at the EW Pearson Project Collaborative's Racial Equity and Healing Event,,,,
,,Venus and Aphrodite: A Biography of Desire,Bettany Hughes,History,2019,2021-05-02,Shelved,Shelved,Audiobook,,,,Browsing the Libby app,,,,
âœ”,priestdaddy-lockwood,Priestdaddy,Patricia Lockwood,Memoir,2017,2021-05-02,2021-05-08,2021,Book,16,24,TRUE,Kleon,"I loved this. The bizarreness and outsized hilarity did not overpower the sections of searching vulnerability. The language, the words, the humor, the sentences... it's fun, remarkable, special stuff.

Heard about this one via [Austin Kleon's favorite reads of 2018](https://books.austinkleon.com/tagged/top2018).",,,
,keep-going-kleon,Keep Going: 10 Ways to Stay Creative in Good Times and Bad,Austin Kleon,Art,2019,2021-04-25,2021-04-28,2021,Book,14,14,TRUE,.,"Kleon's stuff is a friendly nudge to engage the world with supple curiosity. Full of good reminders.

> Whenever life gets overwhelming, go back to chapter one of this book and think about your days. Try your best to fill them in ways that get you a little closer to where you want to be. Go easy on yourself and take your time. Worry less about getting things done. Worry more about things worth doing. Worry less about being a great artist. Worry more about being a good human being who makes art. Worry less about making a mark. Worry more about leaving things better than you found them.",,,
,the-gene-mukherjee,The Gene: An Intimate History,Siddhartha Mukherjee,Science,2016,2021-04-23,2021-05-02,2021,Audiobook,8,16,TRUE,Looking up two-star reviews about Sapolsky's Behave on Goodreads,"I came to this book via some 2-star reviews of Sapolsky's *Behave* on Goodreads; Mukherjee's book was recommended as an alternative with less reliance on questionable scientific studies. This book was really interesting, and in-depth, and stuffed with information, and enlightening, and a lot of it went over my head, and there's a good amount of stuff that I would like to revisit and attempt to better absorb.",,Dennis Boutsikaris,
,,The Great Ideas of Psychology,Daniel N. Robinson,Psychology,1999,2021-04-20,Shelved,Shelved,Audiobook,8,16,,.,,,Author,
,,Maps of Meaning: The Architecture of Belief,Jordan B. Peterson,Psychology,1999,2021-04-17,Shelved,Shelved,Audiobook,,,,Interest in comparative mythology,,,,
,,Chaos: Making a New Science,James Gleick,Science,1988,2021-04-15,Shelved,Shelved,Audiobook,,,,Sapolsky's class,,,,
,a-promised-land-obama,A Promised Land,Barack Obama,Autobiography,2020,2021-04-07,2021-04-14,2021,Audiobook,8,16,TRUE,.,"I listened to this in large overnight portions during shifts with a newborn. Obama narrates the book, and it was unexpectedly soothing, but I don't think I fell asleep *too* much. I'm looking forward to the second volume.",,Author,
,kitchen-confidential-bourdain,Kitchen Confidential: Adventures in the Culinary Underbelly,Anthony Bourdain,Autobiography,2007,2021-04-05,2021-04-07,2021,Audiobook,8,16,TRUE,Kleon?,Reasonably bawdy and rather entertaining.,,Author,
âœ”,beowulf-headley,Beowulf: A New Translation,Maria Dahvana Headley,Classics,2020,2021-04-02,2021-04-30,2021,Book,13,19,TRUE,Zeitgeist,"This was great. I mean, what outrageous and lively fun with language! And holding a feminist lensâ€”more of a nuanced reappraisal of the language, reallyâ€”over such a prototypically macho, chest-beating narrative, makes it all the more interesting.",,,
,the-madness-of-crowds-murray,"The Madness of Crowds: Gender, Race and Identity",Douglas Murray,Politics,2019,2021-03-29,2021-04-13,2021,Book,15,23.5,TRUE,Dad,"Identity politics, cancel culture, extreme polarization, hyperspecific echo chambers, fragmentation, ideology. All that fraught stuff. I think [this review on Goodreads](https://www.goodreads.com/review/show/2992764629?book_show_action=true&from_review_page=1) is reasonable. Related, I recommend [*Why Are We Yelling?: The Art of Productive Disagreement*](https://busterbenson.com/whyareweyelling/) by Buster Benson.",,,
,the-story-of-the-bible-johnson,The Story of the Bible,Luke Timothy Johnson,Religion,2006,2021-03-11,2021-04-05,2021,Audiobook,8,16,TRUE,T. M. Luhrmann,"Tracing how disparate writings were compiled into what we now call the Bibleâ€”and how the exact composition of the Bible varies among cultures, traditions, and throughout history. The materials used, and especially the advent of the printing press, had big effects on the transmission and standardization as well. There are various ways that additional lenses, layers, and permutations can result in a subtly different work as it spreads and morphs throughout years, places, and interpretations.",,Author,
,,The Birth Partner,Penny Simkin; Katie Rohs,Parenting,1989,2021-03-06,Shelved,Shelved,Book,,,,Sarah the doula,,,,
R,,Killers of the Flower Moon: The Osage Murders and the Birth of the FBI ,David Grann,History,2017,2021-03-05,Shelved,Shelved,Audiobook,iphone 10,,,List of best history books; featured at library; we're listening to it together in bed,,,Will Patton; Ann Marie Lee; Danny Campbell,
,the-slow-regard-of-silent-things-rothfuss,The Slow Regard of Silent Things,Patrick Rothfuss,Fantasy,2014,2021-03-05,2021-03-10,2021,Audiobook,6.5,13,TRUE,.,,,,
,the-proud-tower-tuchman,"The Proud Tower: A Portrait of the World Before the War, 1890-1914",Barbara W. Tuchman,History,1966,2021-03-02,2021-04-24,2021,Book,17,24,TRUE,Having read her WWI book,"A collection of essays in which Tuchman describes the (western) world before WWI, but tries not to let the knowledge of the impending war color her analysis of the events. The English aristocracy begins to notice a change in the social air, the anarchist movement pops up in many places, America gets all imperialist, the Dreyfuss Affair is a huge thing, an international peace movement sparks up, socialism has high hopes...",,,
,the-hero-with-a-thousand-faces-campbell,The Hero With a Thousand Faces,Joseph Campbell,Mythology,1949,2021-03-02,2021-03-24,2021,Book,16,24,TRUE,Everywhere,,,,
,show-your-work-kleon,Show Your Work!: 10 Ways to Share Your Creativity and Get Discovered,Austin Kleon,Art,2014,2021-02-23,2021-04-16,2021,Book,14,14,TRUE,Everywhere,"Lots of good stuff about being generous, letting people peek at your process. I think creativity is indeed a self-renewing force. But, like everything, there is a balance. Sometimes there is a temptation to cling to ideas until they feel more fully developed. How do you know whether the idea you're holding on to is fermenting or becoming stale? But I'm tangenting.",,,
,hunger-russell,Hunger: An Unnatural History,Sharman Apt Russell,History,2006,2021-02-23,2021-02-28,2021,Book,14,21,TRUE,I don't recall,,,,
,beowulf-heaney,Beowulf,Seamus Heaney,Classics,2001,2021-02-21,2021-03-01,2021,Book,16,24,TRUE,"The fact that the feminist translation came out, and the library didn't have it yet",,Seamus Heaney,,
âœ”,the-guns-of-august-tuchman,The Guns of August,Barbara W. Tuchman,History,1962,2021-02-06,2021-02-20,2021,Book,14,21,TRUE,"A list of best history books, I think",,,,
,grand-union-smith,Grand Union: Stories,Zadie Smith,Fiction,2019,2021-01-27,2021-01-31,2021,Book,16,24,TRUE,Browsing library,,,,
,zen-mind-beginners-mind-suzuki,"Zen Mind, Beginner's Mind: Informal Talks on Zen Meditation and Practice",Shunryu Suzuki,Religion,1973,2021-01-23,2021-02-04,2021,Book,13.5,21,TRUE,Sam Harris' discussion with Leo Babauta of Zen Habits blog,,,,
,a-history-of-witchcraft-russell,"A History of Witchcraft: Sorcerers, Heretics, and Pagans",Jeffrey Burton Russell,History,1982,2021-01-22,2021-03-23,2021,Book,18,24,TRUE,Browsing library,,,,
,waking-the-witch-grossman,"Waking the Witch: Reflections on Women, Magic, and Power",Pam Grossman,Feminism,2019,2021-01-20,2021-04-11,2021,Book,13,21,TRUE,Browsing library,,,,
,gender-and-our-brains-rippon,Gender and Our Brains: How New Neuroscience Explodes the Myths of the Male and Female Minds,Gina Rippon,Science,2019,2021-01-12,2021-01-23,2021,Book,16,24,TRUE,Sara Hendren < Jeanette Winterson (https://sarahendren.com/2019/09/28/no-one-dares-touch-moral-function-anymore/),,,,
,how-to-be-an-antiracist-kendi,How to Be an Antiracist,Ibram X. Kendi,Race,2019,2021-01-08,2021-02-09,2021,Book,14.5,22,TRUE,The zeitgeist,,,,
,behave-sapolsky,Behave: The Biology of Humans at Our Best and Worst,Robert M. Sapolsky,Science,2017,2020-12-23,2021-02-16,2021,Audiobook,6.5,13,TRUE,I've been watching his lectures on YouTube,,,Michael Goldstrom,
,gratitude-sacks,Gratitude,Oliver Sacks,Autobiography,2015,2021-01-10,2021-01-10,2021,Audiobook,6.5,13,TRUE,.,,,,
,the-minds-eye-sacks,The Mind's Eye,Oliver Sacks,Science,2010,2020-12-15,2020-12-23,2020,Audiobook,6.5,13,TRUE,.,,,Richard Davidson,
,winter-knausgaard,Winter,Karl Ove Knausgaard,Essays,2015,2020-12-14,2021-02-09,2021,Book,14,21,TRUE,.,,Ingvild Burkey,,Lars Lerin
,when-god-talks-back-luhrmann,When God Talks Back: Understanding the American Evangelical Relationship with God,T. M. Luhrmann,Religion,2012,2020-12-08,2021-01-14,2021,Book,17,24,TRUE,Oliver Sacks' Hallucinations,,,,
,age-of-anger-mishra,Age of Anger: A History of the Present,Pankaj Mishra,History,2017,2020-12-01,2021-02-24,2021,Audiobook,6.5,13,TRUE,?,,,Derek Perkins,
,,A Palette of Particles,Jeremy Bernstein,Science,2013,2020-11-30,Shelved,,Book,,,,Browsing library,,,,
,love-in-the-time-of-cholera-marquez,Love in the Time of Cholera,Gabriel GarcÃ­a MÃ¡rquez,Fiction,1985,2020-11-20,2021-01-10,2021,Book,15,21,TRUE,Little free library,,Edith Grossman,,
,autumn-knausgaard,Autumn,Karl Ove Knausgaard,Essays,2015,2020-11-12,2020-11-28,2020,Book,14,21,TRUE,.,,Ingvild Burkey,,Vanessa Baird
,we-believe-the-children-beck,We Believe the Children: A Moral Panic in the 1980s ,Richard Beck,History,2015,2020-11-07,2020-11-13,2020,Book,16.5,24,TRUE,Alan Jacobs,,,,
,will-my-cat-eat-my-eyeballs-doughty,Will My Cat Eat My Eyeballs?: And Other Questions About Dead Bodies,Caitlin Doughty,Science,2020,2020-11-04,2020-11-20,2020,Book,15,21.5,TRUE,?,,,,DiannÃ© Ruz
,,A Concise History of Sweden,Neil Kent,History,2008,2020-11-01,Shelved,,Book,,,,"Searching library website, randomly came up",,,,
,the-world-beyond-your-head-crawford,The World Beyond Your Head: On Becoming an Individual in an Age of Distraction,Matthew B. Crawford,Philosophy,2015,2020-10-30,2020-11-03,2020,Book,14.5,21,TRUE,.,,,,
,,"Full Catastrophe Living: Using the Wisdom of Your Body and Mind to Face Stress, Pain, and Illness",Jon Kabat-Zinn,Self-Help,2005,2020-10-18,Shelved,,Book,,,,MBSR Class,,,,
,the-experience-of-god-hart,"The Experience of God: Being, Consciousness, Bliss",David Bentley Hart,Philosophy,2013,2020-10-05,2020-12-11,2020,Book,15,21.5,TRUE,.,,,,
,the-wise-mans-fear-rothfuss,The Wise Man's Fear,Patrick Rothfuss,Fantasy,2011,2020-09-28,2020-12-02,2020,Audiobook,6.5,13,TRUE,.,,,Nick Podehl,
,gilgamesh-the-hero-mccaughrean,Gilgamesh the Hero,Geraldine McCaughrean,Classics,2002,2020-09-20,2020-09-28,2020,Book,22,25.5,TRUE,.,,,,David Parkins
,crossing-the-unknown-sea-whyte,Crossing the Unknown Sea: Work as a Pilgrimage of Identity,David Whyte,Self-Help,2002,2020-09-08,2020-10-05,2020,Book,12.5,21,TRUE,.,,,,
âœ”,gilgamesh-mitchell,Gilgamesh,Stephen Mitchell,Classics,2016,2020-09-08,2020-09-14,2020,Book,15.5,20,TRUE,Norton Anthology of Western Literature,,,,
,,Norton Anthology of Western Literature,.,Classics,.,2020-09-01,Shelved,,Book,,,,Kailey owns it,,,,
,after-the-quake-murakami,after the quake,Haruki Murakami,Fiction,2003,2020-09-01,2020-11-01,2020,Book,12.5,20,TRUE,.,,Jay Rubin,,
,the-name-of-the-wind-rothfuss,The Name of the Wind,Patrick Rothfuss,Fantasy,2007,2020-08-29,2020-09-30,2020,Audiobook,6.5,13,TRUE,Kevin? Then Nerian,,,Rupert Degas,
,a-brief-history-of-thought-ferry,A Brief History of Thought: A Philosophical Guide to Living,Luc Ferry,Philosophy,1996,2020-08-18,2020-09-01,2020,Book,13,20,TRUE,Re-read,,,,
,,Ulysses,James Joyce,Fiction,1922,2020-08-11,Shelved,,Book,,,,Own it,,,,
,river-flow-whyte,River Flow: New & Selected Poems 1984-2007,David Whyte,Poetry,2007,2020-08-09,2020-08-20,2020,Book,15,23,TRUE,Encountered Whyte in Waking Up app,,,,
,a-midsummer-nights-dream-bloom,A Midsummer Night's Dream,William Shakespeare; Harold Bloom,Classics,2004,2020-08-09,2020-08-09,2020,Book,13,20.5,TRUE,Free Library,,,,
,the-machinery-of-life-goodsell,The Machinery of Life,David S. Goodsell,Science,1992,2020-08-08,2020-08-20,2020,Book,19,24,TRUE,?,https://kottke.org/20/04/dazzling-coronavirus-painting-by-biologist-david-goodsell,,,
,steal-like-an-artist-kleon,Steal Like an Artist: 10 Things Nobody Told You About Being Creative,Austin Kleon,Art,2012,2020-08-08,2020-08-09,2020,Book,14,14,TRUE,.,,,,
,the-war-of-art-pressfield,The War of Art: Break Through the Blocks and Win Your Inner Creative Battles,Steven Pressfield,Self-Help,2003,2020-08-04,2020-08-08,2020,Book,12.5,20,TRUE,.,,,,
,in-the-dream-house-machado,In the Dream House,Carmen Maria Machado,Memoir,2019,2020-08-01,2020-08-12,2020,Book,14,20.5,TRUE,?,,,,
,,"Emergent Strategy: Shaping Change, Changing Worlds",adrienne maree brown,Social Science,2017,2020-07-29,Shelved,,Book,,,,?,,,,
,ballad-blexbolex,Ballad,Blexbolex,Graphic Novel,2013,2020-07-21,2020-07-21,2020,Book,14,18,TRUE,Kleon,,,,
,,The Warmth of Other Suns: The Epic Story of America's Great Migration,Isabel Wilkerson,History,2010,2020-06-22,Shelved,,Audiobook,ðŸ“±5s,,,Kottke and the zeitgeist,,,,
,mystery-train-marcus,Mystery Train: Images of America in Rock 'n' Roll,Greil Marcus,Music,1975,2020-06-20,2020-07-20,2020,Book,15,23,TRUE,Kleon?,,,,
,the-library-book-orlean,The Library Book,Susan Orlean,History,2018,2020-06-16,2020-06-20,2020,Book,16,23.5,TRUE,Kleon,"The intertwined stories of the Los Angeles Public Library fire of 1986, the history of the U.S. library system (which includes some interesting characters), and Orlean's recollections of growing up with libraries.",,,
,a-walk-in-the-woods-bryson,A Walk in the Woods: Rediscovering America on the Appalachian Trail,Bill Bryson,Travel,2006,2020-06-15,2020-06-22,2020,Audiobook,6.5,13,TRUE,.,,,,
,,Stamped from the Beginning: The Definitive History of Racist Ideas in America,Ibram X. Kendi,History,2016,2020-06-09,Shelved,,Audiobook,ðŸ’»,,,Zeitgeist,,,Christopher Dontrell Piper,
,understanding-the-enneagram-riso,Understanding the Enneagram: The Practical Guide to Personality Types,Don Richard Riso; Russ Hudson,Psychology,1990,2020-05-30,2020-07-21,2020,Book,14.5,21,TRUE,Mom and Dad,,,,
,phantoms-in-the-brain-ramachandran,Phantoms in the Brain: Probing the Mysteries of the Human Mind ,V.S. Ramachandran; Sandra Blakeslee,Science,1998,2020-05-30,2020-06-16,2020,Audiobook,6.5,13,TRUE,Oliver Sacks,,,Neil Shah,
,,Personality Types: Using the Enneagram for Self-Discovery,Don Richard Riso; Russ Hudson,Psychology,1996,2020-05-30,Shelved,,Book,5.5,8,,Mom and Dad,,,,
,no-such-thing-as-silence-gann,No Such Thing As Silence: John Cageâ€™s 4â€²33â€³,Kyle Gann,Music,2010,2020-05-28,2020-06-16,2020,Book,14,22,TRUE,?,,,,
,in-persuasion-nation-saunders,In Persuasion Nation: Stories,George Saunders,Fiction,2006,2020-05-27,2020-07-23,2020,Book,13,21,TRUE,.,,,,
,emergence-johnson,"Emergence: The Connected Lives of Ants, Brains, Cities, and Software",Steven Johnson,Science,2001,2020-05-23,2020-08-04,2020,Book,16,23,TRUE,"Alan Jacobs: ""fascinating book""",,,,
,,How to Think More About Sex,Alain de Botton,Psychology,2012,2020-05-22,Shelved,,Book,4.5,7,,?,,,,
,how-proust-can-change-your-life-de-botton,How Proust Can Change Your Life,Alain de Botton,Philosophy,1998,2020-05-09,2020-05-19,2020,Book,13,21,TRUE,?,,,,
,the-river-of-consciousness-sacks,The River of Consciousness,Oliver Sacks,Science,2017,2020-05-05,2020-05-20,2020,Audiobook,6.5,13,TRUE,Re-read,,,Dan Woren; Kate Edgar,
,,Wolf Hall,Hilary Mantel,Fiction,2009,2020-04-27,Shelved,,Audiobook,,,,Author mentioned by Tanya Luhrmann in a lecture,,,Ben Miles,
âœ”,hallucinations-sacks,Hallucinations,Oliver Sacks,Science,2012,2020-04-23,2020-04-26,2020,Audiobook,6.5,13,TRUE,Re-read,,,Dan Woren,
,,Atomic Habits: An Easy & Proven Way to Build Good Habits & Break Bad Ones,James Clear,Self-Help,2018,2020-04-20,Shelved,,Audiobook,,,,.,,,,
,the-body-bryson,The Body: A Guide for Occupants,Bill Bryson,Science,2019,2020-04-01,2020-04-20,2020,Audiobook,6.5,13,TRUE,.,,,,
,,Healing with Whole Foods: Asian Traditions and Modern Tradition,Paul Pritchford,Nutrition,1993,2020-03-31,Shelved,,Book,,,,Kristen,,,,
,dead-astronauts-vandermeer,Dead Astronauts,Jeff VanderMeer,Fiction,2019,2020-03-09,2020-04-12,2020,Book,15,20,TRUE,Robin Sloan,,,,
,religion-as-we-know-it-miles,Religion As We Know It: An Origin Story,Jack Miles,Religion,2020,2020-02-26,2020-03-17,2020,Book,11.5,18.5,TRUE,Browsing library,,,,
,,Eyes Bottle Dark with a Mouthful of Flowers,Jake Skeets,Poetry,,2020-02-22,Shelved,,Book,,,,Browsing library,,,,
,transgender-history-stryker,Transgender History: The Roots of Today's Revolution,Susan Stryker,History,2017,2020-02-22,2020-05-23,2020,Book,14,21,TRUE,Browsing library,,,,
,at-home-bryson,At Home: A Short History of Private Life,Bill Bryson,History,2010,2020-02-22,2020-03-31,2020,Audiobook,6.5,13,TRUE,.,,,,
,the-end-knausgaard,The End: My Struggle Book 6,Karl Ove Knausgaard,Fiction,2011,2020-02-20,2020-08-27,2020,Audiobook,16.5,20,TRUE,.,,Don Bartlett; Martin Aitken,Edoardo Ballerini,
,true-grit-portis,True Grit,Charles Portis,Fiction,1968,2020-02-16,2020-02-17,2020,Book,,,,Austin Kleon,"""better than I remembered... perfect summer read""",,,
,this-life-hagglund,This Life: Secular Faith and Spiritual Freedom,Martin HÃ¤gglund,Philosophy,2019,2020-02-06,2020-03-30,2020,Book,16.5,24,TRUE,Browsing library,,,,
,the-name-of-the-world-johnson,The Name of the World,Denis Johnson,Fiction,2000,2020-02-06,2020-02-15,2020,Book,,,,.,,,,
âœ”,train-dreams-johnson,Train Dreams,Denis Johnson,Fiction,2002,2020-02-04,2020-02-06,2020,Book,,,,Robin Sloan,"Called it ""the best novella""",,,
,tenth-of-december-saunders,Tenth of December: Stories,George Saunders,Fiction,2013,2020-01-27,2020-02-03,2020,Book,,,,.,,,,
âœ”,van-gogh-naifeh,Van Gogh: The Life,Steven Naifeh; Gregory White Smith,Biography,2011,2019-12-15,2020-06-04,2020,Book,15,23,TRUE,Range,,,,
,one-summer-bryson,"One Summer: America, 1927",Bill Bryson,History,2013,2020-01-21,2020-02-05,2020,Audiobook,6.5,13,,.,,,,
âœ”,civilwarland-in-bad-decline-saunders,CivilWarLand in Bad Decline: Stories and a Novella,George Saunders,Fiction,1997,2020-01-16,2020-01-27,2020,Book,,,,.,,,,
,,Lost in the Cosmos: The Last Self-Help Book,Walker Percy,Self-Help,,2020-01-07,Shelved,,Book,,,,Austin Kleon,,,,
,the-stand-king,The Stand,Stephen King,Fiction,1978,2019-12-29,2020-02-15,2020,Audiobook,6.5,13,,.,,,Grover Gardner?,
,,The Fermata,Nicholson Baker,Fiction,,2019-12-18,Shelved,,Audiobook,,,,.,,,,
,,Invasive Species,Marna Helal,Poetry,,2019-12-18,Shelved,Shelved,Book,,,,Browsing library,,,,